olivia, emma, charlotte, 
amelia, ava, sophia, 
isabella, mia, evelyn, 
harper, luna, camila, 
gianna, elizabeth, eleanor, 
ella, abigail, sofia, 
avery, scarlett, emily, 
aria, penelope, chloe, 
layla, mila, nora, 
hazel, madison, ellie, 
lily, nova, isla, 
grace, violet, aurora, 
riley, zoey, willow, 
emilia, stella, zoe, 
victoria, hannah, addison, 
leah, lucy, eliana, 
ivy, everly, lillian, 
paisley, elena, naomi, 
maya, natalie, kinsley, 
delilah, claire, audrey, 
aaliyah, ruby, brooklyn, 
alice, aubrey, autumn, 
leilani, savannah, valentina, 
kennedy, madelyn, josephine, 
bella, skylar, genesis, 
sophie, hailey, sadie, 
natalia, quinn, caroline, 
allison, gabriella, anna, 
serenity, nevaeh, cora, 
ariana, emery, lydia, 
jade, sarah, eva, 
adeline, madeline, piper, 
rylee, athena, peyton, 
everleigh, vivian, clara, 
raelynn, liliana, samantha, 
maria, iris, ayla, 
eloise, lyla, eliza, 
hadley, melody, julia, 
parker, rose, isabelle, 
brielle, adalynn, arya, 
eden, remi, mackenzie, 
maeve, margaret, reagan, 
charlie, alaia, melanie, 
josie, elliana, cecilia, 
mary, daisy, alina, 
lucia, ximena, juniper, 
kaylee, magnolia, summer, 
adalyn, sloane, amara, 
arianna, isabel, reese, 
emersyn, sienna, kehlani, 
river, freya, valerie, 
blakely, genevieve, esther, 
valeria, katherine, kylie, 
norah, amaya, bailey, 
ember, ryleigh, georgia, 
catalina, emerson, alexandra, 
faith, jasmine, ariella, 
ashley, andrea, millie, 
june, khloe, callie, 
juliette, sage, ada, 
anastasia, olive, alani, 
brianna, rosalie, molly, 
brynlee, amy, ruth, 
aubree, gemma, taylor, 
oakley, margot, arabella, 
sara, journee, harmony, 
blake, alaina, aspen, 
noelle, selena, oaklynn, 
morgan, londyn, zuri, 
aliyah, jordyn, juliana, 
finley, presley, zara, 
leila, marley, sawyer, 
amira, lilly, london, 
kimberly, elsie, ariel, 
lila, alana, diana, 
kamila, nyla, vera, 
hope, annie, kaia, 
myla, alyssa, angela, 
ana, lennon, evangeline, 
harlow, rachel, gracie, 
rowan, laila, elise, 
sutton, lilah, adelyn, 
phoebe, octavia, sydney, 
mariana, wren, lainey, 
vanessa, teagan, kayla, 
malia, elaina, saylor, 
brooke, lola, miriam, 
alayna, adelaide, daniela, 
jane, payton, journey, 
lilith, delaney, dakota, 
mya, charlee, alivia, 
annabelle, kailani, lucille, 
trinity, gia, tatum, 
raegan, camille, kaylani, 
kali, stevie, maggie, 
haven, tessa, daphne, 
adaline, hayden, joanna, 
jocelyn, lena, evie, 
juliet, fiona, cataleya, 
angelina, leia, paige, 
julianna, milani, talia, 
rebecca, kendall, harley, 
lia, phoenix, dahlia, 
logan, camilla, thea, 
jayla, brooklynn, blair, 
vivienne, hallie, madilyn, 
mckenna, evelynn, ophelia, 
celeste, alayah, winter, 
catherine, collins, nina, 
briella, palmer, noa, 
mckenzie, kiara, amari, 
adriana, gracelynn, lauren, 
cali, kalani, aniyah, 
nicole, alexis, mariah, 
gabriela, wynter, amina, 
ariyah, adelynn, remington, 
reign, alaya, dream, 
alexandria, willa, avianna, 
makayla, gracelyn, elle, 
amiyah, arielle, elianna, 
giselle, brynn, ainsley, 
aitana, charli, demi, 
makenna, rosemary, danna, 
izabella, lilliana, melissa, 
samara, lana, mabel, 
everlee, fatima, leighton, 
esme, raelyn, madeleine, 
nayeli, camryn, kira, 
annalise, selah, serena, 
royalty, rylie, celine, 
laura, brinley, frances, 
michelle, heidi, rory, 
sabrina, destiny, gwendolyn, 
alessandra, poppy, amora, 
nylah, luciana, maisie, 
miracle, joy, liana, 
raven, shiloh, allie, 
daleyza, kate, lyric, 
alicia, lexi, addilyn, 
anaya, malani, paislee, 
elisa, kayleigh, azalea, 
francesca, jordan, regina, 
viviana, aylin, skye, 
daniella, makenzie, veronica, 
legacy, maia, ariah, 
alessia, carmen, astrid, 
maren, helen, felicity, 
alexa, danielle, lorelei, 
paris, adelina, bianca, 
gabrielle, jazlyn, scarlet, 
bristol, navy, esmeralda, 
colette, stephanie, jolene, 
marlee, sarai, hattie, 
nadia, rosie, kamryn, 
kenzie, alora, holly, 
matilda, sylvia, cameron, 
armani, emelia, keira, 
braelynn, jacqueline, alison, 
amanda, cassidy, emory, 
ari, haisley, jimena, 
jessica, elaine, dorothy, 
mira, eve, oaklee, 
averie, charleigh, lyra, 
madelynn, angel, edith, 
jennifer, raya, ryan, 
heaven, kyla, wrenley, 
meadow, carter, kora, 
saige, kinley, maci, 
mae, salem, aisha, 
adley, carolina, sierra, 
alma, helena, bonnie, 
mylah, briar, aurelia, 
leona, macie, maddison, 
april, aviana, lorelai, 
alondra, kennedi, monroe, 
emely, maliyah, ailani, 
madilynn, renata, katie, 
zariah, imani, amber, 
analia, ariya, anya, 
emberly, emmy, mara, 
maryam, dior, mckinley, 
virginia, amalia, mallory, 
opal, shelby, clementine, 
remy, xiomara, elliott, 
elora, katalina, antonella, 
skyler, hanna, kaliyah, 
alanna, haley, itzel, 
cecelia, jayleen, kensley, 
beatrice, journi, dylan, 
ivory, yaretzi, meredith, 
sasha, gloria, oaklyn, 
sloan, abby, davina, 
lylah, erin, reyna, 
kaitlyn, michaela, nia, 
fernanda, jaliyah, jenna, 
sylvie, miranda, anne, 
mina, myra, aleena, 
alia, frankie, ellis, 
kathryn, nalani, nola, 
jemma, lennox, marie, 
angelica, cassandra, calliope, 
adrianna, ivanna, zelda, 
faye, karsyn, oakleigh, 
dayana, amirah, megan, 
siena, reina, rhea, 
julieta, malaysia, henley, 
liberty, leslie, alejandra, 
kelsey, charley, capri, 
priscilla, zariyah, savanna, 
emerie, christina, skyla, 
macy, mariam, melina, 
chelsea, dallas, laurel, 
briana, holland, lilian, 
amaia, blaire, margo, 
louise, rosalia, aleah, 
bethany, flora, kylee, 
kendra, sunny, laney, 
tiana, chaya, ellianna, 
milan, aliana, estella, 
julie, yara, rosa, 
cheyenne, emmie, carly, 
janelle, kyra, naya, 
malaya, sevyn, lina, 
mikayla, jayda, leyla, 
eileen, irene, karina, 
aileen, aliza, kataleya, 
kori, indie, lara, 
romina, jada, kimber, 
amani, liv, treasure, 
louisa, marleigh, winnie, 
kassidy, noah, monica, 
keilani, zahra, zaylee, 
hadassah, jamie, allyson, 
anahi, maxine, karla, 
khaleesi, johanna, penny, 
hayley, marilyn, della, 
freyja, jazmin, kenna, 
ashlyn, florence, ezra, 
melany, murphy, sky, 
marina, noemi, coraline, 
selene, bridget, alaiya, 
angie, fallon, thalia, 
rayna, martha, halle, 
estrella, joelle, kinslee, 
roselyn, theodora, jolie, 
dani, elodie, halo, 
nala, promise, justice, 
nellie, novah, estelle, 
jenesis, miley, hadlee, 
janiyah, waverly, braelyn, 
pearl, aila, katelyn, 
sariyah, azariah, bexley, 
giana, lea, cadence, 
mavis, ila, rivka, 
jovie, yareli, bellamy, 
kamiyah, kara, baylee, 
jianna, kai, alena, 
novalee, elliot, livia, 
ashlynn, denver, emmalyn, 
persephone, marceline, jazmine, 
kiana, mikaela, aliya, 
galilea, harlee, jaylah, 
lillie, mercy, ensley, 
bria, kallie, celia, 
berkley, ramona, jaylani, 
jessie, aubrie, madisyn, 
paulina, averi, aya, 
chana, milana, cleo, 
iyla, cynthia, hana, 
lacey, andi, giuliana, 
milena, leilany, saoirse, 
adele, drew, bailee, 
hunter, rayne, anais, 
kamari, paula, rosalee, 
teresa, zora, avah, 
belen, greta, layne, 
scout, zaniyah, amelie, 
dulce, chanel, clare, 
rebekah, giovanna, ellison, 
isabela, kaydence, rosalyn, 
royal, alianna, august, 
nyra, vienna, amoura, 
anika, harmoni, kelly, 
linda, aubriella, kairi, 
ryann, avayah, gwen, 
whitley, noor, khalani, 
marianna, addyson, annika, 
karter, vada, tiffany, 
artemis, clover, laylah, 
paisleigh, elyse, kaisley, 
veda, zendaya, simone, 
alexia, alisson, angelique, 
ocean, elia, lilianna, 
maleah, avalynn, marisol, 
goldie, malayah, emmeline, 
paloma, raina, brynleigh, 
chandler, valery, adalee, 
tinsley, violeta, baylor, 
lauryn, marlowe, birdie, 
jaycee, lexie, loretta, 
lilyana, princess, shay, 
hadleigh, natasha, indigo, 
zaria, addisyn, deborah, 
leanna, barbara, kimora, 
emerald, raquel, julissa, 
robin, austyn, dalia, 
nyomi, ellen, kynlee, 
salma, luella, zayla, 
addilynn, giavanna, samira, 
amaris, madalyn, scarlette, 
stormi, etta, ayleen, 
brittany, brylee, araceli, 
egypt, iliana, paityn, 
zainab, billie, haylee, 
india, kaiya, nancy, 
clarissa, mazikeen, taytum, 
aubrielle, rylan, ainhoa, 
aspyn, elina, elsa, 
magdalena, kailey, arleth, 
joyce, judith, crystal, 
emberlynn, landry, paola, 
braylee, guinevere, aarna, 
aiyana, kahlani, lyanna, 
sariah, itzayana, aniya, 
frida, jaylene, kiera, 
loyalty, azaria, jaylee, 
kamilah, keyla, kyleigh, 
micah, nataly, kathleen, 
zoya, meghan, soraya, 
zoie, arlette, zola, 
luisa, vida, ryder, 
tatiana, tori, aarya, 
eleanora, sandra, soleil, 
annabella, liam, noah, 
oliver, elijah, james, 
william, benjamin, lucas, 
henry, theodore, jack, 
levi, alexander, jackson, 
mateo, daniel, michael, 
mason, sebastian, ethan, 
logan, owen, samuel, 
jacob, asher, aiden, 
john, joseph, wyatt, 
david, leo, luke, 
julian, hudson, grayson, 
matthew, ezra, gabriel, 
carter, isaac, jayden, 
luca, anthony, dylan, 
lincoln, thomas, maverick, 
elias, josiah, charles, 
caleb, christopher, ezekiel, 
miles, jaxon, isaiah, 
andrew, joshua, nathan, 
nolan, adrian, cameron, 
santiago, eli, aaron, 
ryan, angel, cooper, 
waylon, easton, kai, 
christian, landon, colton, 
roman, axel, brooks, 
jonathan, robert, jameson, 
ian, everett, greyson, 
wesley, jeremiah, hunter, 
leonardo, jordan, jose, 
bennett, silas, nicholas, 
parker, beau, weston, 
austin, connor, carson, 
dominic, xavier, jaxson, 
jace, emmett, adam, 
declan, rowan, micah, 
kayden, gael, river, 
ryder, kingston, damian, 
sawyer, luka, evan, 
vincent, legend, myles, 
harrison, august, bryson, 
amir, giovanni, chase, 
diego, milo, jasper, 
walker, jason, brayden, 
cole, nathaniel, george, 
lorenzo, zion, luis, 
archer, enzo, jonah, 
thiago, theo, ayden, 
zachary, calvin, braxton, 
ashton, rhett, atlas, 
jude, bentley, carlos, 
ryker, adriel, arthur, 
ace, tyler, jayce, 
max, elliot, graham, 
kaiden, maxwell, juan, 
dean, matteo, malachi, 
ivan, elliott, jesus, 
emiliano, messiah, gavin, 
maddox, camden, hayden, 
leon, antonio, justin, 
tucker, brandon, kevin, 
judah, finn, king, 
brody, xander, nicolas, 
charlie, arlo, emmanuel, 
barrett, felix, alex, 
miguel, abel, alan, 
beckett, amari, karter, 
timothy, abraham, jesse, 
zayden, blake, alejandro, 
dawson, tristan, victor, 
avery, joel, grant, 
eric, patrick, peter, 
richard, edward, andres, 
emilio, colt, knox, 
beckham, adonis, kyrie, 
matias, oscar, lukas, 
marcus, hayes, caden, 
remington, griffin, nash, 
israel, steven, holden, 
rafael, zane, jeremy, 
kash, preston, kyler, 
jax, jett, kaleb, 
riley, simon, phoenix, 
javier, bryce, louis, 
mark, cash, lennox, 
paxton, malakai, paul, 
kenneth, nico, kaden, 
lane, kairo, maximus, 
omar, finley, atticus, 
crew, brantley, colin, 
dallas, walter, brady, 
callum, ronan, hendrix, 
jorge, tobias, clayton, 
emerson, damien, zayn, 
malcolm, kayson, bodhi, 
bryan, aidan, cohen, 
brian, cayden, andre, 
niko, maximiliano, zander, 
khalil, rory, francisco, 
cruz, kobe, reid, 
daxton, derek, martin, 
jensen, karson, tate, 
muhammad, jaden, joaquin, 
josue, gideon, dante, 
cody, bradley, orion, 
spencer, angelo, erick, 
jaylen, julius, manuel, 
ellis, colson, cairo, 
gunner, wade, chance, 
odin, anderson, kane, 
raymond, cristian, aziel, 
prince, ezequiel, jake, 
otto, eduardo, rylan, 
ali, cade, stephen, 
ari, kameron, dakota, 
warren, ricardo, killian, 
mario, romeo, cyrus, 
ismael, russell, tyson, 
edwin, desmond, nasir, 
remy, tanner, fernando, 
hector, titus, lawson, 
sean, kyle, elian, 
corbin, bowen, wilder, 
armani, royal, stetson, 
briggs, sullivan, leonel, 
callan, finnegan, jay, 
zayne, marshall, kade, 
travis, sterling, raiden, 
sergio, tatum, cesar, 
zyaire, milan, devin, 
gianni, kamari, royce, 
malik, jared, franklin, 
clark, noel, marco, 
archie, apollo, pablo, 
garrett, oakley, memphis, 
quinn, onyx, alijah, 
baylor, edgar, nehemiah, 
winston, major, rhys, 
forrest, jaiden, reed, 
santino, troy, caiden, 
harvey, collin, solomon, 
donovan, damon, jeffrey, 
kason, sage, grady, 
kendrick, leland, luciano, 
pedro, hank, hugo, 
esteban, johnny, kashton, 
ronin, ford, mathias, 
porter, erik, johnathan, 
frank, tripp, casey, 
fabian, leonidas, baker, 
matthias, philip, jayceon, 
kian, saint, ibrahim, 
jaxton, augustus, callen, 
trevor, ruben, adan, 
conor, dax, braylen, 
kaison, francis, kyson, 
andy, lucca, mack, 
peyton, alexis, deacon, 
kasen, kamden, frederick, 
princeton, braylon, wells, 
nikolai, iker, bo, 
dominick, moshe, cassius, 
gregory, lewis, kieran, 
isaias, seth, marcos, 
omari, shane, keegan, 
jase, asa, sonny, 
uriel, pierce, jasiah, 
eden, rocco, banks, 
cannon, denver, zaiden, 
roberto, shawn, drew, 
emanuel, kolton, ayaan, 
ares, conner, jalen, 
alonzo, enrique, dalton, 
moses, koda, bodie, 
jamison, phillip, zaire, 
jonas, kylo, moises, 
shepherd, allen, kenzo, 
mohamed, keanu, dexter, 
conrad, bruce, sylas, 
soren, raphael, rowen, 
gunnar, sutton, quentin, 
jaziel, emmitt, makai, 
koa, maximilian, brixton, 
dariel, zachariah, roy, 
armando, corey, saul, 
izaiah, danny, davis, 
ridge, yusuf, ariel, 
valentino, jayson, ronald, 
albert, gerardo, ryland, 
dorian, drake, gage, 
rodrigo, hezekiah, kylan, 
boone, ledger, santana, 
jamari, jamir, lawrence, 
reece, kaysen, shiloh, 
arjun, marcelo, abram, 
benson, huxley, nikolas, 
zain, kohen, samson, 
miller, donald, finnley, 
kannon, lucian, watson, 
keith, westin, tadeo, 
sincere, boston, axton, 
amos, chandler, leandro, 
raul, scott, reign, 
alessandro, camilo, derrick, 
morgan, julio, clay, 
edison, jaime, augustine, 
julien, zeke, marvin, 
bellamy, landen, dustin, 
jamie, krew, kyree, 
colter, johan, houston, 
layton, quincy, case, 
atreus, cayson, aarav, 
darius, harlan, justice, 
abdiel, layne, raylan, 
arturo, taylor, anakin, 
ander, hamza, otis, 
azariah, leonard, colby, 
duke, flynn, trey, 
gustavo, fletcher, issac, 
sam, trenton, callahan, 
chris, mohammad, rayan, 
lionel, bruno, jaxxon, 
zaid, brycen, roland, 
dillon, lennon, ambrose, 
rio, mac, ahmed, 
samir, yosef, tru, 
creed, tony, alden, 
aden, alec, carmelo, 
dario, marcel, roger, 
ty, ahmad, emir, 
landyn, skyler, mohammed, 
dennis, kareem, nixon, 
rex, uriah, lee, 
louie, rayden, reese, 
alberto, cason, quinton, 
kingsley, chaim, alfredo, 
mauricio, caspian, legacy, 
ocean, ozzy, briar, 
wilson, forest, grey, 
joziah, salem, neil, 
remi, bridger, harry, 
jefferson, lachlan, nelson, 
casen, salvador, magnus, 
tommy, marcellus, maximo, 
jerry, clyde, aron, 
keaton, eliam, lian, 
trace, douglas, junior, 
titan, cullen, cillian, 
musa, mylo, hugh, 
tomas, vincenzo, westley, 
langston, byron, kiaan, 
loyal, orlando, kyro, 
amias, amiri, jimmy, 
vicente, khari, brendan, 
rey, ben, emery, 
zyair, bjorn, evander, 
ramon, alvin, ricky, 
jagger, brock, dakari, 
eddie, blaze, gatlin, 
alonso, curtis, kylian, 
nathanael, devon, wayne, 
zakai, mathew, rome, 
riggs, aryan, avi, 
hassan, lochlan, stanley, 
dash, kaiser, benicio, 
bryant, talon, rohan, 
wesson, joe, noe, 
melvin, vihaan, zayd, 
darren, enoch, mitchell, 
jedidiah, brodie, castiel, 
ira, lance, guillermo, 
thatcher, ermias, misael, 
jakari, emory, mccoy, 
rudy, thaddeus, valentin, 
yehuda, bode, madden, 
kase, bear, boden, 
jiraiya, maurice, alvaro, 
ameer, demetrius, eliseo, 
kabir, kellan, allan, 
azrael, calum, niklaus, 
ray, damari, elio, 
jon, leighton, axl, 
dane, eithan, eugene, 
kenji, jakob, colten, 
eliel, nova, santos, 
zahir, idris, ishaan, 
kole, korbin, seven, 
alaric, kellen, bronson, 
franco, wes, larry, 
mekhi, jamal, dilan, 
elisha, brennan, kace, 
van, felipe, fisher, 
cal, dior, judson, 
alfonso, deandre, rocky, 
henrik, reuben, anders, 
arian, damir, jacoby, 
khalid, kye, mustafa, 
jadiel, stefan, yousef, 
aydin, jericho, robin, 
wallace, alistair, davion, 
alfred, ernesto, kyng, 
everest, gary, leroy, 
yahir, braden, kelvin, 
kristian, adler, avyaan, 
brayan, jones, truett, 
aries, joey, randy, 
jaxx, jesiah, jovanni, 
azriel, brecken, harley, 
zechariah, gordon, jakai, 
carl, graysen, kylen, 
ayan, branson, crosby, 
dominik, jabari, jaxtyn, 
kristopher, ulises, zyon, 
fox, howard, salvatore, 
turner, vance, harlem, 
jair, jakobe, jeremias, 
osiris, azael, bowie, 
canaan, elon, granger, 
karsyn, zavier, cain, 
dangelo, heath, yisroel, 
gian, shepard, harold, 
kamdyn, rene, rodney, 
yaakov, adrien, kartier, 
cassian, coleson, ahmir, 
darian, genesis, kalel, 
agustin, wylder, yadiel, 
ephraim, kody, neo, 
ignacio, osman, aldo, 
abdullah, cory, blaine, 
dimitri, khai, landry, 
palmer, benedict, leif, 
koen, maxton, mordechai, 
zev, atharv, bishop, 
blaise, davian
